Date,Narration,Amount,Balance
01/10/2025,SALARY ACME TECH PVT LTD,"60,000.00",160000.00
02/10/2025,RENT  TO  LANDLORD,"-₹18,000.00",142000.00
05/10/2025,SIP HDFC MUTUAL FUND,"-5,000.00",137000.00
06/10/2025,UPI/205380810795/RD HDFC BANK,"-2,000.00",135000.00
07/10/2025,BESCOM ELECTRICITY,"-1,554.00",133446.00
08/10/2025,UPI/334107653877/AIRTEL BROADBAND,-₹999.00,132447.00
09/10/2025,UPI/561423994714/JIO MOBILE RECHARGE,-₹299.00,132148.00
10/10/2025,UPI/705979998169/ZOMATO,-579.00,131569.00
10/10/2025,ZOMATO,-582.00,130987.00
11/10/2025,SWIGGY,-245.00,130742.00
12/10/2025,DOMINOS  PIZZA,-249.00,130493.00
12/10/2025,amazon,"-3,208.00",127285.00
12/10/2025,NAMMA METRO,-385.00,126900.00
13/10/2025,OLA,-202.00,126698.00
15/10/2025,OLA,-241.00,126457.00
15/10/2025,NAMMA METRO,-₹433.00,126024.00
15/10/2025,BOOKMYSHOW,-538.00,125486.00
16/10/2025,UPI/249715982027/ZOMATO,-667.00,124819.00
16/10/2025,CAFE COFFEE DAY REF28907,-₹254.00,124565.00
16/10/2025,NAMMA METRO,-196.00,124369.00
17/10/2025,DOMINOS PIZZA,-434.00,123935.00
19/10/2025,BLINKIT,"-1,566.00",122369.00
19/10/2025,UBER,-179.00,122190.00
20/10/2025,CAFE  COFFEE  DAY,-309.00,121881.00
21/10/2025,CAFE COFFEE DAY,-420.00,121461.00
22/10/2025,bigbasket,"-₹1,430.00",120031.00
24/10/2025,UPI/171777969186/BLINKIT,-₹555.00,119476.00
24/10/2025,NAMMA METRO,-246.00,119230.00
27/10/2025,APOLLO PHARMACY,-864.00,118366.00
28/10/2025,AMAZON,"-3,385.00",114981.00
28/10/2025,CREDIT CARD BILL PAYMENT HDFC,"-6,859.00",108122.00
01/11/2025,SALARY ACME TECH PVT LTD,"60,000.00",168122.00
02/11/2025,RENT TO LANDLORD,"-18,000.00",150122.00
03/11/2025,TRANSFER TO OWN SAVINGS AC,"-₹10,000.00",140122.00
05/11/2025,SIP HDFC MUTUAL FUND,"-5,000.00",135122.00
06/11/2025,RD HDFC BANK REF33562,"-2,000.00",133122.00
07/11/2025,BESCOM ELECTRICITY,"-1,014.00",132108.00
08/11/2025,AIRTEL BROADBAND REF85290,-999.00,131109.00
09/11/2025,JIO MOBILE RECHARGE,-₹299.00,130810.00
12/11/2025,BIGBASKET,-524.00,130286.00
13/11/2025,NAMMA METRO,-334.00,129952.00
13/11/2025,OLA,-282.00,129670.00
14/11/2025,CAFE COFFEE DAY,-292.00,129378.00
14/11/2025,UPI/561760235452/BLINKIT,"-1,310.00",128068.00
14/11/2025,BLINKIT,-627.00,127441.00
14/11/2025,CHAI POINT,-₹50.00,127391.00
14/11/2025,CHAI POINT,-50.00,127341.00
15/11/2025,OLA,-61.00,127280.00
15/11/2025,NAMMA METRO,-114.00,127166.00
15/11/2025,UPI/729462142330/SPOTIFY,-693.00,126473.00
16/11/2025,CAFE COFFEE DAY,-367.00,126106.00
16/11/2025,NETFLIX,-₹532.00,125574.00
16/11/2025,UPI RAHUL SHARMA,"-₹1,700.00",123874.00
17/11/2025,SWIGGY,-473.00,123401.00
17/11/2025,CAFE COFFEE DAY,-588.00,122813.00
18/11/2025,NAMMA METRO,-₹234.00,122579.00
18/11/2025,UPI/620850423169/NAMMA METRO,-450.00,122129.00
18/11/2025,UPI RECEIVED RAHUL SHARMA,850.00,122979.00
19/11/2025,UPI/871939451407/SPOTIFY,-₹669.00,122310.00
22/11/2025,CAFE COFFEE DAY,-217.00,122093.00
22/11/2025,DMART,-749.00,121344.00
22/11/2025,MYNTRA,"-2,417.00",118927.00
23/11/2025,BLINKIT,-430.00,118497.00
25/11/2025,DOMINOS PIZZA,-₹619.00,117878.00
26/11/2025,FLIPKART,"-2,766.00",115112.00
28/11/2025,CREDIT CARD BILL PAYMENT HDFC,"-3,242.00",111870.00
01/12/2025,SALARY ACME TECH PVT LTD,"₹60,000.00",171870.00
02/12/2025,RENT TO LANDLORD,"-18,000.00",153870.00
05/12/2025,SIP HDFC MUTUAL FUND,"-5,000.00",148870.00
06/12/2025,RD HDFC BANK,"-2,000.00",146870.00
07/12/2025,bescom electricity,-925.00,145945.00
08/12/2025,AIRTEL BROADBAND REF42455,-999.00,144946.00
09/12/2025,JIO MOBILE RECHARGE,-299.00,144647.00
10/12/2025,BLINKIT,"-₹1,434.00",143213.00
10/12/2025,BIGBASKET,"-1,749.00",141464.00
11/12/2025,AMAZON,-776.00,140688.00
11/12/2025,FLIPKART,-790.00,139898.00
11/12/2025,NAMMA METRO REF27947,-394.00,139504.00
13/12/2025,CAFE COFFEE DAY,-₹464.00,139040.00
13/12/2025,UBER,-₹266.00,138774.00
14/12/2025,ZOMATO REF64433,-636.00,138138.00
16/12/2025,NAMMA METRO,-127.00,138011.00
16/12/2025,UBER,-109.00,137902.00
16/12/2025,SPOTIFY,-₹609.00,137293.00
17/12/2025,swiggy,-396.00,136897.00
17/12/2025,UPI/354052892093/BIGBASKET,-992.00,135905.00
17/12/2025,BLINKIT,-751.00,135154.00
17/12/2025,UPI/747814614062/OLA,-268.00,134886.00
20/12/2025,dominos pizza,-₹169.00,134717.00
20/12/2025,UBER REF29094,-187.00,134530.00
22/12/2025,CAFE COFFEE DAY,-598.00,133932.00
22/12/2025,MAKEMYTRIP GOA TRIP,"-28,000.00",105932.00
23/12/2025,OLA,-276.00,105656.00
23/12/2025,OLA,-433.00,105223.00
24/12/2025,BIGBASKET,-807.00,104416.00
25/12/2025,SWIGGY,-₹695.00,103721.00
26/12/2025,DOMINOS PIZZA,-366.00,103355.00
26/12/2025,AMAZON,"-1,640.00",101715.00
27/12/2025,UPI/851080315027/ZOMATO,-₹421.00,101294.00
27/12/2025,ZOMATO,-469.00,100825.00
28/12/2025,SWIGGY,-₹237.00,100588.00
28/12/2025,NAMMA METRO,-302.00,100286.00
28/12/2025,CREDIT  CARD  BILL  PAYMENT  HDFC,"-3,224.00",97062.00
01/01/2026,SALARY ACME TECH PVT LTD,"60,000.00",157062.00
02/01/2026,UPI/581932968202/RENT TO LANDLORD,"-18,000.00",139062.00
03/01/2026,TRANSFER  TO  OWN  SAVINGS  AC,"-10,000.00",129062.00
05/01/2026,SIP HDFC MUTUAL FUND,"-5,000.00",124062.00
06/01/2026,UPI/722771259848/RD HDFC BANK,"-2,000.00",122062.00
07/01/2026,BESCOM  ELECTRICITY,"-1,181.00",120881.00
08/01/2026,AIRTEL  BROADBAND,-₹999.00,119882.00
09/01/2026,JIO MOBILE RECHARGE,-₹299.00,119583.00
11/01/2026,UPI/331388495671/NAMMA METRO,-101.00,119482.00
12/01/2026,UBER,-95.00,119387.00
12/01/2026,NAMMA  METRO,-180.00,119207.00
12/01/2026,ZERODHA BROKERAGE TRANSFER REF55533,"-15,000.00",104207.00
15/01/2026,CAFE COFFEE DAY,-₹623.00,103584.00
15/01/2026,UBER,-₹320.00,103264.00
17/01/2026,SWIGGY,-603.00,102661.00
17/01/2026,ZOMATO,-566.00,102095.00
17/01/2026,NAMMA METRO,-364.00,101731.00
18/01/2026,DOMINOS PIZZA,-₹442.00,101289.00
18/01/2026,UBER,-402.00,100887.00
18/01/2026,UPI  PRIYA  NAIR,"-1,300.00",99587.00
19/01/2026,BIGBASKET,-419.00,99168.00
19/01/2026,BOOKMYSHOW,-473.00,98695.00
20/01/2026,AMAZON,-705.00,97990.00
20/01/2026,NETFLIX,-421.00,97569.00
20/01/2026,UPI RECEIVED PRIYA NAIR,650.00,98219.00
22/01/2026,swiggy,-318.00,97901.00
22/01/2026,SWIGGY,-549.00,97352.00
22/01/2026,UBER,-₹351.00,97001.00
22/01/2026,NETFLIX,-837.00,96164.00
22/01/2026,REFUND AMAZON,705.00,96869.00
23/01/2026,NAMMA METRO,-358.00,96511.00
25/01/2026,DOMINOS PIZZA REF94268,-368.00,96143.00
25/01/2026,BIGBASKET,-688.00,95455.00
25/01/2026,NAMMA METRO,-331.00,95124.00
27/01/2026,SWIGGY REF58064,-201.00,94923.00
27/01/2026,SWIGGY,-₹245.00,94678.00
27/01/2026,BLINKIT,"-1,771.00",92907.00
28/01/2026,blinkit,"-1,410.00",91497.00
28/01/2026,NAMMA METRO,-221.00,91276.00
28/01/2026,CREDIT CARD BILL PAYMENT HDFC,"-3,419.00",87857.00
01/02/2026,SALARY ACME TECH PVT LTD,"60,000.00",147857.00
02/02/2026,RENT TO LANDLORD,"-₹18,000.00",129857.00
05/02/2026,SIP HDFC MUTUAL FUND,"-5,000.00",124857.00
06/02/2026,RD HDFC BANK,"-2,000.00",122857.00
07/02/2026,bescom electricity,"-1,150.00",121707.00
08/02/2026,airtel broadband,-999.00,120708.00
09/02/2026,JIO MOBILE RECHARGE,-299.00,120409.00
10/02/2026,OLA,-126.00,120283.00
12/02/2026,zomato,-₹528.00,119755.00
12/02/2026,SPOTIFY,-₹302.00,119453.00
13/02/2026,BIGBASKET,-841.00,118612.00
13/02/2026,BIGBASKET,"-₹1,433.00",117179.00
18/02/2026,ZOMATO,-507.00,116672.00
18/02/2026,FLIPKART,"-2,977.00",113695.00
18/02/2026,namma metro,-310.00,113385.00
18/02/2026,UBER,-107.00,113278.00
18/02/2026,UBER,-₹439.00,112839.00
19/02/2026,ZOMATO,-598.00,112241.00
20/02/2026,UBER,-₹411.00,111830.00
20/02/2026,CHAI POINT,-₹50.00,111780.00
20/02/2026,CHAI POINT,-50.00,111730.00
23/02/2026,UPI/349546864777/OLA,-₹82.00,111648.00
24/02/2026,SWIGGY,-225.00,111423.00
24/02/2026,NAMMA METRO,-421.00,111002.00
27/02/2026,ZOMATO,-668.00,110334.00
27/02/2026,CAFE COFFEE DAY,-691.00,109643.00
27/02/2026,DMART,"-1,658.00",107985.00
27/02/2026,UPI/821164519235/NETFLIX,-264.00,107721.00
28/02/2026,CREDIT CARD BILL PAYMENT HDFC,"-₹5,006.00",102715.00
01/03/2026,SALARY ACME TECH PVT LTD,"60,000.00",162715.00
02/03/2026,RENT TO LANDLORD,"-18,000.00",144715.00
05/03/2026,SIP  HDFC  MUTUAL  FUND,"-₹5,000.00",139715.00
06/03/2026,RD HDFC BANK,"-2,000.00",137715.00
07/03/2026,BESCOM ELECTRICITY,"-1,128.00",136587.00
08/03/2026,airtel broadband,-₹999.00,135588.00
09/03/2026,JIO MOBILE RECHARGE,-299.00,135289.00
10/03/2026,MYNTRA,"-1,291.00",133998.00
11/03/2026,PRACTO,-203.00,133795.00
12/03/2026,UPI/536891910522/REFUND MYNTRA,"1,291.00",135086.00
13/03/2026,OLA,-151.00,134935.00
13/03/2026,NAMMA METRO,-₹282.00,134653.00
14/03/2026,UPI/285365875281/SWIGGY,-465.00,134188.00
15/03/2026,BONUS ACME TECH,"30,000.00",164188.00
15/03/2026,UPI/986761942686/BLINKIT,-₹521.00,163667.00
16/03/2026,ZOMATO,-255.00,163412.00
17/03/2026,ZOMATO,-331.00,163081.00
17/03/2026,BIGBASKET,"-₹1,242.00",161839.00
18/03/2026,OLA,-₹388.00,161451.00
20/03/2026,DOMINOS PIZZA,-404.00,161047.00
20/03/2026,OLA,-95.00,160952.00
21/03/2026,SWIGGY,-₹516.00,160436.00
21/03/2026,UPI/816084306780/DOMINOS PIZZA,-₹308.00,160128.00
21/03/2026,DMART,-766.00,159362.00
21/03/2026,NAMMA METRO,-220.00,159142.00
21/03/2026,UPI  AMIT  VERMA,-500.00,158642.00
22/03/2026,BIGBASKET,"-1,263.00",157379.00
22/03/2026,spotify,-344.00,157035.00
23/03/2026,SWIGGY,-333.00,156702.00
23/03/2026,UPI/418741462157/NAMMA METRO,-321.00,156381.00
23/03/2026,UPI RECEIVED AMIT VERMA,₹250.00,156631.00
26/03/2026,OLA,-407.00,156224.00
27/03/2026,OLA,-74.00,156150.00
28/03/2026,ZOMATO,-₹590.00,155560.00
28/03/2026,OLA,-79.00,155481.00
28/03/2026,UPI/489724997658/PPF DEPOSIT SBI,"-₹10,000.00",145481.00
28/03/2026,CREDIT CARD BILL PAYMENT HDFC,"-5,361.00",140120.00
01/04/2026,SALARY ACME TECH PVT LTD,"₹60,000.00",200120.00
02/04/2026,RENT TO LANDLORD,"-18,000.00",182120.00
03/04/2026,TRANSFER TO OWN SAVINGS AC,"-10,000.00",172120.00
05/04/2026,SIP HDFC MUTUAL FUND,"-5,000.00",167120.00
06/04/2026,RD HDFC BANK,"-₹2,000.00",165120.00
07/04/2026,BESCOM  ELECTRICITY,"-1,042.00",164078.00
08/04/2026,AIRTEL  BROADBAND,-999.00,163079.00
09/04/2026,JIO MOBILE RECHARGE,-299.00,162780.00
10/04/2026,UBER,-277.00,162503.00
11/04/2026,AMAZON,"-2,446.00",160057.00
12/04/2026,DMART,"-₹1,355.00",158702.00
12/04/2026,OLA,-272.00,158430.00
15/04/2026,PRACTO,"-1,121.00",157309.00
16/04/2026,AMAZON,-₹600.00,156709.00
17/04/2026,UBER,-₹395.00,156314.00
17/04/2026,UBER,-416.00,155898.00
18/04/2026,UPI/669866273968/CROMA LAPTOP,"-45,000.00",110898.00
19/04/2026,ZOMATO,-590.00,110308.00
19/04/2026,AMAZON,"-₹3,803.00",106505.00
20/04/2026,SWIGGY,-457.00,106048.00
20/04/2026,DOMINOS PIZZA,-452.00,105596.00
20/04/2026,UPI/401469364312/DMART,"-1,204.00",104392.00
20/04/2026,UPI/654470593937/BIGBASKET,-₹781.00,103611.00
22/04/2026,OLA,-₹264.00,103347.00
23/04/2026,UPI/585603471541/SWIGGY,-₹488.00,102859.00
23/04/2026,DOMINOS PIZZA,-₹328.00,102531.00
24/04/2026,BLINKIT,-737.00,101794.00
24/04/2026,UBER,-297.00,101497.00
24/04/2026,spotify,-886.00,100611.00
26/04/2026,CAFE COFFEE DAY REF76605,-568.00,100043.00
26/04/2026,DMART,-647.00,99396.00
26/04/2026,OLA,-85.00,99311.00
26/04/2026,NAMMA METRO,-364.00,98947.00
26/04/2026,BOOKMYSHOW,-711.00,98236.00
27/04/2026,ZOMATO,-₹522.00,97714.00
27/04/2026,ZOMATO,-₹346.00,97368.00
27/04/2026,SWIGGY REF83336,-₹461.00,96907.00
27/04/2026,UBER,-122.00,96785.00
28/04/2026,cafe coffee day,-565.00,96220.00
28/04/2026,UBER,-427.00,95793.00
28/04/2026,CREDIT CARD BILL PAYMENT HDFC,"-4,001.00",91792.00
01/05/2026,SALARY ACME TECH PVT LTD,"60,000.00",151792.00
02/05/2026,RENT TO LANDLORD,"-18,000.00",133792.00
05/05/2026,SIP HDFC MUTUAL FUND,"-5,000.00",128792.00
06/05/2026,RD HDFC BANK,"-2,000.00",126792.00
07/05/2026,bescom electricity,"-₹1,004.00",125788.00
08/05/2026,AIRTEL BROADBAND,-999.00,124789.00
09/05/2026,JIO  MOBILE  RECHARGE,-₹299.00,124490.00
10/05/2026,DMART,-911.00,123579.00
10/05/2026,UBER,-389.00,123190.00
11/05/2026,BOOKMYSHOW,-538.00,122652.00
14/05/2026,ZOMATO,-542.00,122110.00
14/05/2026,ZOMATO REF27990,-215.00,121895.00
16/05/2026,DMART,"-1,097.00",120798.00
16/05/2026,practo,-₹869.00,119929.00
17/05/2026,CAFE COFFEE DAY,-683.00,119246.00
17/05/2026,CAFE COFFEE DAY,-493.00,118753.00
17/05/2026,OLA,-283.00,118470.00
17/05/2026,UPI NEHA GUPTA,"-2,300.00",116170.00
20/05/2026,SWIGGY,-291.00,115879.00
20/05/2026,NAMMA  METRO,-₹407.00,115472.00
22/05/2026,NAMMA METRO,-₹144.00,115328.00
23/05/2026,DOMINOS PIZZA,-₹488.00,114840.00
23/05/2026,MYNTRA,"-3,561.00",111279.00
23/05/2026,uber,-296.00,110983.00
24/05/2026,SWIGGY,-442.00,110541.00
24/05/2026,DMART,-427.00,110114.00
24/05/2026,UPI/604890801337/UBER,-₹378.00,109736.00
25/05/2026,ZOMATO,-431.00,109305.00
25/05/2026,UPI/668359455653/UBER,-259.00,109046.00
27/05/2026,MYNTRA,"-1,403.00",107643.00
27/05/2026,UBER,-261.00,107382.00
28/05/2026,UPI/352494096720/BLINKIT,-340.00,107042.00
28/05/2026,DMART,"-1,276.00",105766.00
28/05/2026,NAMMA  METRO,-399.00,105367.00
28/05/2026,CREDIT CARD BILL PAYMENT HDFC REF15188,"-5,016.00",100351.00
01/06/2026,SALARY ACME TECH PVT LTD,"₹60,000.00",160351.00
02/06/2026,rent to landlord,"-18,000.00",142351.00
05/06/2026,SIP HDFC MUTUAL FUND,"-₹5,000.00",137351.00
06/06/2026,RD HDFC BANK,"-2,000.00",135351.00
07/06/2026,BESCOM ELECTRICITY,"-1,592.00",133759.00
08/06/2026,AIRTEL BROADBAND,-999.00,132760.00
09/06/2026,JIO MOBILE RECHARGE,-299.00,132461.00
09/06/2026,CHAI POINT,-50.00,132411.00
09/06/2026,CHAI POINT,-50.00,132361.00
10/06/2026,SWIGGY,-₹508.00,131853.00
10/06/2026,ZOMATO,-354.00,131499.00
10/06/2026,ZOMATO,-₹394.00,131105.00
12/06/2026,MYNTRA REF34031,"-3,328.00",127777.00
13/06/2026,BIGBASKET,-937.00,126840.00
13/06/2026,UPI/121210050502/BLINKIT,-352.00,126488.00
13/06/2026,NAMMA METRO,-₹214.00,126274.00
13/06/2026,NAMMA METRO,-₹81.00,126193.00
14/06/2026,UPI/344195642578/DOMINOS PIZZA,-267.00,125926.00
14/06/2026,UPI/236849576452/BOOKMYSHOW,-330.00,125596.00
14/06/2026,REFUND MYNTRA,"3,328.00",128924.00
17/06/2026,SWIGGY,-191.00,128733.00
18/06/2026,SWIGGY,-631.00,128102.00
18/06/2026,DMART,-643.00,127459.00
19/06/2026,BLINKIT REF26937,"-₹1,687.00",125772.00
20/06/2026,UPI/365040442063/UBER,-275.00,125497.00
21/06/2026,NAMMA METRO,-279.00,125218.00
21/06/2026,UBER,-319.00,124899.00
21/06/2026,NAMMA METRO REF33743,-295.00,124604.00
22/06/2026,cafe coffee day,-₹581.00,124023.00
22/06/2026,DMART,"-1,764.00",122259.00
25/06/2026,UBER,-₹281.00,121978.00
26/06/2026,SPOTIFY,-₹426.00,121552.00
27/06/2026,BOOKMYSHOW REF75547,-626.00,120926.00
28/06/2026,ZOMATO,-₹626.00,120300.00
28/06/2026,PRACTO REF12380,-860.00,119440.00
28/06/2026,CREDIT CARD BILL PAYMENT HDFC,"-6,371.00",113069.00
