Date,Merchant,Amount
11/10/2025,AMAZON,"1,856.00 Dr"
14/10/2025,FLIPKART,"1,424.00 Dr"
25/10/2025,SPOTIFY,"1,849.00 Dr"
25/10/2025,AMAZON,"1,730.00 Dr"
10/11/2025,DOMINOS PIZZA,936.00 Dr
13/11/2025,dominos pizza,760.00 Dr
17/11/2025,SPOTIFY,"1,546.00 Dr"
17/12/2025,FLIPKART,"1,267.00 Dr"
18/12/2025,FLIPKART,"1,342.00 Dr"
25/12/2025,SPOTIFY,615.00 Dr
10/01/2026,BOOKMYSHOW REF46621,847.00 Dr
14/01/2026,AMAZON,690.00 Dr
23/01/2026,FLIPKART,"1,882.00 Dr"
17/02/2026,MYNTRA,686.00 Dr
22/02/2026,flipkart,"1,430.00 Dr"
25/02/2026,NETFLIX REF42157,"1,487.00 Dr"
25/02/2026,flipkart,"1,403.00 Dr"
14/03/2026,FLIPKART REF85796,"1,090.00 Dr"
20/03/2026,swiggy,558.00 Dr
23/03/2026,UPI/655107125078/SWIGGY,"1,888.00 Dr"
25/03/2026,MYNTRA,"1,825.00 Dr"
22/04/2026,MYNTRA,"1,576.00 Dr"
23/04/2026,SPOTIFY,595.00 Dr
24/04/2026,SWIGGY,"1,377.00 Dr"
25/04/2026,UPI/619710336246/CAFE COFFEE DAY,453.00 Dr
12/05/2026,ZOMATO,"1,564.00 Dr"
22/05/2026,flipkart,"1,681.00 Dr"
25/05/2026,SPOTIFY,"1,771.00 Dr"
11/06/2026,CAFE COFFEE DAY,964.00 Dr
12/06/2026,DOMINOS PIZZA,"1,829.00 Dr"
13/06/2026,dominos pizza,"1,857.00 Dr"
19/06/2026,UPI/743506038061/SWIGGY,"1,721.00 Dr"
14/07/2026,amazon,"1,182.00 Dr"
14/07/2026,UPI/590389740856/AMAZON,"1,494.00 Dr"
15/07/2026,NETFLIX,"1,143.00 Dr"
22/07/2026,ZOMATO,461.00 Dr
15/08/2026,NETFLIX,"1,419.00 Dr"
19/08/2026,UPI/755572887229/MYNTRA,"1,007.00 Dr"
24/08/2026,BOOKMYSHOW,820.00 Dr
24/08/2026,BOOKMYSHOW,319.00 Dr
10/09/2026,UPI/256079182669/SPOTIFY,904.00 Dr
21/09/2026,UPI/383467299341/CAFE COFFEE DAY,"1,081.00 Dr"
24/09/2026,UPI/816109468353/BOOKMYSHOW,812.00 Dr
25/09/2026,SWIGGY,"1,087.00 Dr"
